{"UUID":"y5EPPM4kh8IU40d63ignLz","layoutMainAxisSizing":null,"layoutCrossAxisSizing":null,"name":"Flutter Group 1 Wireframe","isVisible":true,"boundaryRectangle":null,"style":null,"prototypeNodeUUID":null,"child":null,"constraints":null,"debug":false,"pngPath":"/usr/src/app/temp-out/pb-tmp-83d62727-8bfb-4fb0-8ad9-c3b86617ec67/dddr/lib/assets/images","pages":[{"UUID":"4518:90","layoutMainAxisSizing":null,"layoutCrossAxisSizing":null,"name":"Dance Move Wireframe","isVisible":true,"boundaryRectangle":null,"style":null,"prototypeNodeUUID":null,"child":null,"constraints":null,"convert":true,"screens":[],"pbdlType":"page"}],"miscPages":[],"sharedStyles":[],"globalStyles":{"UUID":"","layoutMainAxisSizing":null,"layoutCrossAxisSizing":null,"name":"","isVisible":false,"boundaryRectangle":null,"style":null,"prototypeNodeUUID":null,"child":null,"constraints":null,"pbdlType":"global_styles","designSystem":"material","colors":[{"UUID":"3518:176","layoutMainAxisSizing":null,"layoutCrossAxisSizing":null,"name":"Light / White","isVisible":false,"boundaryRectangle":null,"style":null,"prototypeNodeUUID":null,"child":null,"constraints":null,"description":"","pbdlType":"global_color","color":{"a":1.0,"r":1.0,"g":1.0,"b":1.0}},{"UUID":"4455:99","layoutMainAxisSizing":null,"layoutCrossAxisSizing":null,"name":"Main/Blue","isVisible":false,"boundaryRectangle":null,"style":null,"prototypeNodeUUID":null,"child":null,"constraints":null,"description":"","pbdlType":"global_color","color":{"a":1.0,"r":0.23529411852359772,"g":0.3921568691730499,"b":0.6941176652908325}},{"UUID":"1392:62","layoutMainAxisSizing":null,"layoutCrossAxisSizing":null,"name":"Light / Black","isVisible":false,"boundaryRectangle":null,"style":null,"prototypeNodeUUID":null,"child":null,"constraints":null,"description":"","pbdlType":"global_color","color":{"a":1.0,"r":0.21568627655506134,"g":0.24705882370471954,"b":0.2549019753932953}},{"UUID":"1392:405","layoutMainAxisSizing":null,"layoutCrossAxisSizing":null,"name":"Light / Divider","isVisible":false,"boundaryRectangle":null,"style":null,"prototypeNodeUUID":null,"child":null,"constraints":null,"description":"","pbdlType":"global_color","color":{"a":1.0,"r":0.886274516582489,"g":0.8980392217636108,"b":0.9019607901573181}},{"UUID":"49:938","layoutMainAxisSizing":null,"layoutCrossAxisSizing":null,"name":"Black / 80","isVisible":false,"boundaryRectangle":null,"style":null,"prototypeNodeUUID":null,"child":null,"constraints":null,"description":"","pbdlType":"global_color","color":{"a":1.0,"r":0.32156863808631897,"g":0.34117648005485535,"b":0.3607843220233917}},{"UUID":"1392:64","layoutMainAxisSizing":null,"layoutCrossAxisSizing":null,"name":"Light / Gray dark","isVisible":false,"boundaryRectangle":null,"style":null,"prototypeNodeUUID":null,"child":null,"constraints":null,"description":"","pbdlType":"global_color","color":{"a":1.0,"r":0.45098039507865906,"g":0.48235294222831726,"b":0.4901960790157318}}],"textStyles":[{"UUID":"1392:456","layoutMainAxisSizing":null,"layoutCrossAxisSizing":null,"name":"Body 2 - regular 14 (20, 0.2px)","isVisible":false,"boundaryRectangle":null,"style":null,"prototypeNodeUUID":null,"child":null,"constraints":null,"description":"","pbdlType":"global_text_style","textStyle":{"UUID":"","layoutMainAxisSizing":null,"layoutCrossAxisSizing":null,"name":"","isVisible":false,"boundaryRectangle":null,"style":null,"prototypeNodeUUID":"","child":null,"constraints":null,"fontFamily":"Muli","fontPostScriptName":"Muli-Regular","paragraphSpacing":0,"paragraphIndent":0,"listSpacing":0,"italics":null,"fontWeight":400,"fontSize":14.0,"textCase":"ORIGINAL","textDecoration":"NONE","textAutoResize":"WIDTH_AND_HEIGHT","textAlignHorizontal":"LEFT","textAlignVertical":"TOP","letterSpacing":0.20000000298023224,"fills":null,"hyperLink":null,"opentypeFlags":{},"lineHeightPx":20.0,"lineHeightPercent":121.90476989746094,"lineHeightPercentFontSize":142.85714721679688,"lineHeightUnit":"PIXELS","pbdlType":"text_style"}},{"UUID":"4455:101","layoutMainAxisSizing":null,"layoutCrossAxisSizing":null,"name":"Bold/14px","isVisible":false,"boundaryRectangle":null,"style":null,"prototypeNodeUUID":null,"child":null,"constraints":null,"description":"","pbdlType":"global_text_style","textStyle":{"UUID":"","layoutMainAxisSizing":null,"layoutCrossAxisSizing":null,"name":"","isVisible":false,"boundaryRectangle":null,"style":null,"prototypeNodeUUID":"","child":null,"constraints":null,"fontFamily":"Mulish","fontPostScriptName":"Muli-Bold","paragraphSpacing":0,"paragraphIndent":0,"listSpacing":0,"italics":null,"fontWeight":700,"fontSize":14.0,"textCase":"ORIGINAL","textDecoration":"NONE","textAutoResize":"WIDTH_AND_HEIGHT","textAlignHorizontal":"LEFT","textAlignVertical":"TOP","letterSpacing":0.30000001192092896,"fills":null,"hyperLink":null,"opentypeFlags":{},"lineHeightPx":18.0,"lineHeightPercent":109.71427917480469,"lineHeightPercentFontSize":128.57142639160156,"lineHeightUnit":"PIXELS","pbdlType":"text_style"}},{"UUID":"4455:100","layoutMainAxisSizing":null,"layoutCrossAxisSizing":null,"name":"Semibold/14px","isVisible":false,"boundaryRectangle":null,"style":null,"prototypeNodeUUID":null,"child":null,"constraints":null,"description":"","pbdlType":"global_text_style","textStyle":{"UUID":"","layoutMainAxisSizing":null,"layoutCrossAxisSizing":null,"name":"","isVisible":false,"boundaryRectangle":null,"style":null,"prototypeNodeUUID":"","child":null,"constraints":null,"fontFamily":"Mulish","fontPostScriptName":"Muli-SemiBold","paragraphSpacing":0,"paragraphIndent":0,"listSpacing":0,"italics":null,"fontWeight":600,"fontSize":14.0,"textCase":"ORIGINAL","textDecoration":"NONE","textAutoResize":"WIDTH_AND_HEIGHT","textAlignHorizontal":"LEFT","textAlignVertical":"TOP","letterSpacing":0.20000000298023224,"fills":null,"hyperLink":null,"opentypeFlags":{},"lineHeightPx":18.0,"lineHeightPercent":109.71427917480469,"lineHeightPercentFontSize":128.57142639160156,"lineHeightUnit":"PIXELS","pbdlType":"text_style"}},{"UUID":"4455:109","layoutMainAxisSizing":null,"layoutCrossAxisSizing":null,"name":"Semibold/16px","isVisible":false,"boundaryRectangle":null,"style":null,"prototypeNodeUUID":null,"child":null,"constraints":null,"description":"","pbdlType":"global_text_style","textStyle":{"UUID":"","layoutMainAxisSizing":null,"layoutCrossAxisSizing":null,"name":"","isVisible":false,"boundaryRectangle":null,"style":null,"prototypeNodeUUID":"","child":null,"constraints":null,"fontFamily":"Mulish","fontPostScriptName":"Muli-SemiBold","paragraphSpacing":0,"paragraphIndent":0,"listSpacing":0,"italics":null,"fontWeight":600,"fontSize":16.0,"textCase":"ORIGINAL","textDecoration":"NONE","textAutoResize":"WIDTH_AND_HEIGHT","textAlignHorizontal":"LEFT","textAlignVertical":"TOP","letterSpacing":0.10000000149011612,"fills":null,"hyperLink":null,"opentypeFlags":{},"lineHeightPx":22.0,"lineHeightPercent":117.33332824707031,"lineHeightPercentFontSize":137.5,"lineHeightUnit":"PIXELS","pbdlType":"text_style"}},{"UUID":"4455:108","layoutMainAxisSizing":null,"layoutCrossAxisSizing":null,"name":"Semibold/26px","isVisible":false,"boundaryRectangle":null,"style":null,"prototypeNodeUUID":null,"child":null,"constraints":null,"description":"","pbdlType":"global_text_style","textStyle":{"UUID":"","layoutMainAxisSizing":null,"layoutCrossAxisSizing":null,"name":"","isVisible":false,"boundaryRectangle":null,"style":null,"prototypeNodeUUID":"","child":null,"constraints":null,"fontFamily":"Mulish","fontPostScriptName":"Muli-SemiBold","paragraphSpacing":0,"paragraphIndent":0,"listSpacing":0,"italics":null,"fontWeight":600,"fontSize":26.0,"textCase":"ORIGINAL","textDecoration":"NONE","textAutoResize":"WIDTH_AND_HEIGHT","textAlignHorizontal":"LEFT","textAlignVertical":"TOP","letterSpacing":0.20000000298023224,"fills":null,"hyperLink":null,"opentypeFlags":{},"lineHeightPx":32.0,"lineHeightPercent":105.025634765625,"lineHeightPercentFontSize":123.07691955566406,"lineHeightUnit":"PIXELS","pbdlType":"text_style"}},{"UUID":"4455:102","layoutMainAxisSizing":null,"layoutCrossAxisSizing":null,"name":"Bold/44px","isVisible":false,"boundaryRectangle":null,"style":null,"prototypeNodeUUID":null,"child":null,"constraints":null,"description":"","pbdlType":"global_text_style","textStyle":{"UUID":"","layoutMainAxisSizing":null,"layoutCrossAxisSizing":null,"name":"","isVisible":false,"boundaryRectangle":null,"style":null,"prototypeNodeUUID":"","child":null,"constraints":null,"fontFamily":"Mulish","fontPostScriptName":"Muli-Bold","paragraphSpacing":0,"paragraphIndent":0,"listSpacing":0,"italics":null,"fontWeight":700,"fontSize":44.0,"textCase":"ORIGINAL","textDecoration":"NONE","textAutoResize":"WIDTH_AND_HEIGHT","textAlignHorizontal":"LEFT","textAlignVertical":"TOP","letterSpacing":0.20000000298023224,"fills":null,"hyperLink":null,"opentypeFlags":{},"lineHeightPx":56.0,"lineHeightPercent":108.60606384277344,"lineHeightPercentFontSize":127.2727279663086,"lineHeightUnit":"PIXELS","pbdlType":"text_style"}},{"UUID":"4455:103","layoutMainAxisSizing":null,"layoutCrossAxisSizing":null,"name":"Regular/16px","isVisible":false,"boundaryRectangle":null,"style":null,"prototypeNodeUUID":null,"child":null,"constraints":null,"description":"","pbdlType":"global_text_style","textStyle":{"UUID":"","layoutMainAxisSizing":null,"layoutCrossAxisSizing":null,"name":"","isVisible":false,"boundaryRectangle":null,"style":null,"prototypeNodeUUID":"","child":null,"constraints":null,"fontFamily":"Mulish","fontPostScriptName":"Muli-Regular","paragraphSpacing":0,"paragraphIndent":0,"listSpacing":0,"italics":null,"fontWeight":400,"fontSize":16.0,"textCase":"ORIGINAL","textDecoration":"NONE","textAutoResize":"WIDTH_AND_HEIGHT","textAlignHorizontal":"LEFT","textAlignVertical":"TOP","letterSpacing":0.30000001192092896,"fills":null,"hyperLink":null,"opentypeFlags":{},"lineHeightPx":22.0,"lineHeightPercent":117.33332824707031,"lineHeightPercentFontSize":137.5,"lineHeightUnit":"PIXELS","pbdlType":"text_style"}},{"UUID":"4455:104","layoutMainAxisSizing":null,"layoutCrossAxisSizing":null,"name":"Bold/32px","isVisible":false,"boundaryRectangle":null,"style":null,"prototypeNodeUUID":null,"child":null,"constraints":null,"description":"","pbdlType":"global_text_style","textStyle":{"UUID":"","layoutMainAxisSizing":null,"layoutCrossAxisSizing":null,"name":"","isVisible":false,"boundaryRectangle":null,"style":null,"prototypeNodeUUID":"","child":null,"constraints":null,"fontFamily":"Mulish","fontPostScriptName":"Muli-Bold","paragraphSpacing":0,"paragraphIndent":0,"listSpacing":0,"italics":null,"fontWeight":700,"fontSize":32.0,"textCase":"ORIGINAL","textDecoration":"NONE","textAutoResize":"WIDTH_AND_HEIGHT","textAlignHorizontal":"LEFT","textAlignVertical":"TOP","letterSpacing":0.10000000149011612,"fills":null,"hyperLink":null,"opentypeFlags":{},"lineHeightPx":40.0,"lineHeightPercent":106.66667175292969,"lineHeightPercentFontSize":125.0,"lineHeightUnit":"PIXELS","pbdlType":"text_style"}},{"UUID":"4455:105","layoutMainAxisSizing":null,"layoutCrossAxisSizing":null,"name":"Bold/18px","isVisible":false,"boundaryRectangle":null,"style":null,"prototypeNodeUUID":null,"child":null,"constraints":null,"description":"","pbdlType":"global_text_style","textStyle":{"UUID":"","layoutMainAxisSizing":null,"layoutCrossAxisSizing":null,"name":"","isVisible":false,"boundaryRectangle":null,"style":null,"prototypeNodeUUID":"","child":null,"constraints":null,"fontFamily":"Mulish","fontPostScriptName":"Muli-Bold","paragraphSpacing":0,"paragraphIndent":0,"listSpacing":0,"italics":null,"fontWeight":700,"fontSize":18.0,"textCase":"ORIGINAL","textDecoration":"NONE","textAutoResize":"WIDTH_AND_HEIGHT","textAlignHorizontal":"LEFT","textAlignVertical":"TOP","letterSpacing":0.10000000149011612,"fills":null,"hyperLink":null,"opentypeFlags":{},"lineHeightPx":24.0,"lineHeightPercent":113.77777862548828,"lineHeightPercentFontSize":133.3333282470703,"lineHeightUnit":"PIXELS","pbdlType":"text_style"}},{"UUID":"4455:106","layoutMainAxisSizing":null,"layoutCrossAxisSizing":null,"name":"Regular/14px","isVisible":false,"boundaryRectangle":null,"style":null,"prototypeNodeUUID":null,"child":null,"constraints":null,"description":"","pbdlType":"global_text_style","textStyle":{"UUID":"","layoutMainAxisSizing":null,"layoutCrossAxisSizing":null,"name":"","isVisible":false,"boundaryRectangle":null,"style":null,"prototypeNodeUUID":"","child":null,"constraints":null,"fontFamily":"Mulish","fontPostScriptName":"Muli-Regular","paragraphSpacing":0,"paragraphIndent":0,"listSpacing":0,"italics":null,"fontWeight":400,"fontSize":14.0,"textCase":"ORIGINAL","textDecoration":"NONE","textAutoResize":"WIDTH_AND_HEIGHT","textAlignHorizontal":"LEFT","textAlignVertical":"TOP","letterSpacing":0.20000000298023224,"fills":null,"hyperLink":null,"opentypeFlags":{},"lineHeightPx":20.0,"lineHeightPercent":121.90476989746094,"lineHeightPercentFontSize":142.85714721679688,"lineHeightUnit":"PIXELS","pbdlType":"text_style"}},{"UUID":"4455:107","layoutMainAxisSizing":null,"layoutCrossAxisSizing":null,"name":"Semibold/12px","isVisible":false,"boundaryRectangle":null,"style":null,"prototypeNodeUUID":null,"child":null,"constraints":null,"description":"","pbdlType":"global_text_style","textStyle":{"UUID":"","layoutMainAxisSizing":null,"layoutCrossAxisSizing":null,"name":"","isVisible":false,"boundaryRectangle":null,"style":null,"prototypeNodeUUID":"","child":null,"constraints":null,"fontFamily":"Mulish","fontPostScriptName":"Muli-SemiBold","paragraphSpacing":0,"paragraphIndent":0,"listSpacing":0,"italics":null,"fontWeight":600,"fontSize":12.0,"textCase":"ORIGINAL","textDecoration":"NONE","textAutoResize":"WIDTH_AND_HEIGHT","textAlignHorizontal":"LEFT","textAlignVertical":"TOP","letterSpacing":0.20000000298023224,"fills":null,"hyperLink":null,"opentypeFlags":{},"lineHeightPx":16.0,"lineHeightPercent":113.77777862548828,"lineHeightPercentFontSize":133.3333282470703,"lineHeightUnit":"PIXELS","pbdlType":"text_style"}},{"UUID":"4590:139","layoutMainAxisSizing":null,"layoutCrossAxisSizing":null,"name":"Text","isVisible":false,"boundaryRectangle":null,"style":null,"prototypeNodeUUID":null,"child":null,"constraints":null,"description":"","pbdlType":"global_text_style","textStyle":{"UUID":"","layoutMainAxisSizing":null,"layoutCrossAxisSizing":null,"name":"","isVisible":false,"boundaryRectangle":null,"style":null,"prototypeNodeUUID":"","child":null,"constraints":null,"fontFamily":"Mulish","fontPostScriptName":"Muli-Bold","paragraphSpacing":0,"paragraphIndent":0,"listSpacing":0,"italics":null,"fontWeight":700,"fontSize":14.0,"textCase":"ORIGINAL","textDecoration":"NONE","textAutoResize":"WIDTH_AND_HEIGHT","textAlignHorizontal":"LEFT","textAlignVertical":"TOP","letterSpacing":0.30000001192092896,"fills":null,"hyperLink":null,"opentypeFlags":{},"lineHeightPx":18.0,"lineHeightPercent":109.71427917480469,"lineHeightPercentFontSize":128.57142639160156,"lineHeightUnit":"PIXELS","pbdlType":"text_style"}}],"themeColors":[],"themeTextStyles":[]},"pbdlType":"project"}